"","outcome.sure","outcome.x","p.x","outcome.y","w.p","choose.sure"
"1",65,120,0.9,10,0.5,TRUE
"2",42.62,120,0.93,10,0.296545454545455,FALSE
"3",37.5,120,0.1,10,0.25,FALSE
"4",48.69,120,0.07,10,0.351727272727273,FALSE
"5",59.87,120,0.93,10,0.453363636363636,FALSE
"6",57.38,120,0.1,10,0.430727272727273,TRUE
"7",57.38,120,0.5,10,0.430727272727273,FALSE
