"","outcome.sure","outcome.x","p.x","outcome.y","w.p","choose.sure"
"1",65,120,0.9,10,0.5,FALSE
"2",65,120,0.1,10,0.5,TRUE
"3",65,120,0.5,10,0.5,TRUE
"4",71.47,120,0.74,10,0.558818181818182,FALSE
"5",36.58,120,0.09,10,0.241636363636364,TRUE
"6",95.67,120,0.91,10,0.778818181818182,TRUE
"7",36.34,120,0.28,10,0.239454545454545,FALSE
"8",88.42,120,0.94,10,0.712909090909091,FALSE
"9",24.61,120,0.07,10,0.132818181818182,FALSE
"10",67.89,120,0.62,10,0.526272727272727,TRUE
"11",48.93,120,0.38,10,0.353909090909091,TRUE
"12",97.22,120,0.95,10,0.792909090909091,FALSE
"13",29.05,120,0.06,10,0.173181818181818,TRUE
