"","outcome.sure","outcome.x","p.x","outcome.y","w.p","choose.sure"
"1",65,120,0.9,10,0.5,FALSE
"2",65,120,0.1,10,0.5,TRUE
"3",65,120,0.5,10,0.5,TRUE
"4",71.47,120,0.74,10,0.558818181818182,FALSE
"5",36.58,120,0.09,10,0.241636363636364,TRUE
"6",95.67,120,0.91,10,0.778818181818182,FALSE
"7",35.81,120,0.3,10,0.234636363636364,TRUE
"8",75.44,120,0.66,10,0.594909090909091,TRUE
"9",21.98,120,0.09,10,0.108909090909091,TRUE
"10",45.9,120,0.49,10,0.326363636363636,TRUE
"11",24.56,120,0.27,10,0.132363636363636,TRUE
"12",106.02,120,0.93,10,0.872909090909091,FALSE
"13",64.77,120,0.66,10,0.497909090909091,FALSE
